INSERT INTO MenuItemType (MenuItemTypeID, TypeName) VALUES
(1, 'Pizza'),
(2, 'Salad'),
(3, 'Beverage'),
(4, 'Dessert'),
(5, 'Appetizer'),
(6, 'Main Course'),
(7, 'Side Dish'),
(8, 'Soup'),
(9, 'Sandwich'),
(10, 'Pasta'),
(11, 'Seafood'),
(12, 'Vegetarian'),
(13, 'Vegan'),
(14, 'Breakfast'),
(15, 'Snack')
ON DUPLICATE KEY UPDATE TypeName = VALUES(TypeName);

INSERT INTO Customer (CustomerID, Email, Phone, Address) VALUES
(1, 'john@example.com', '123-456-7890', '123 Main St, Anytown'),
(2, 'jane@example.com', '987-654-3210', '456 Elm St, Othertown'),
(3, 'alice@example.com', '555-123-4567', '789 Pine St, Somecity'),
(4, 'bob@example.com', '555-987-6543', '321 Oak St, Anycity'),
(5, 'charlie@example.com', '555-234-5678', '654 Maple St, Thistown'),
(6, 'dave@example.com', '555-345-6789', '987 Birch St, Thattown'),
(7, 'eve@example.com', '555-456-7890', '123 Cedar St, Heretown'),
(8, 'frank@example.com', '555-567-8901', '456 Walnut St, Yourtown'),
(9, 'grace@example.com', '555-678-9012', '789 Ash St, Mytown'),
(10, 'hank@example.com', '555-789-0123', '321 Elm St, Thattown'),
(11, 'irene@example.com', '555-890-1234', '654 Oak St, Yourtown'),
(12, 'jack@example.com', '555-901-2345', '987 Pine St, Heretown'),
(13, 'kate@example.com', '555-012-3456', '123 Maple St, Anycity'),
(14, 'leo@example.com', '555-123-4567', '456 Cedar St, Somecity'),
(15, 'mike@example.com', '555-234-5678', '789 Birch St, Anytown')
ON DUPLICATE KEY UPDATE Email = VALUES(Email), Phone = VALUES(Phone), Address = VALUES(Address);

INSERT INTO MenuItem (MenuItemID, MenuName, Price, Description, MenuItemTypeID) VALUES
(301, 'Margherita Pizza', 12.99, 'Classic pizza with tomatoes', 1),
(302, 'Caesar Salad', 8.99, 'Fresh salad with Caesar dressing', 2),
(303, 'Pepperoni Pizza', 13.99, 'Pizza with pepperoni toppings', 1),
(304, 'Grilled Chicken Salad', 10.99, 'Salad with grilled chicken', 2),
(305, 'Veggie Pizza', 11.99, 'Pizza with assorted vegetables', 1),
(306, 'Greek Salad', 9.99, 'Salad with feta cheese and olives', 2),
(307, 'BBQ Chicken Pizza', 14.99, 'Pizza with BBQ chicken toppings', 1),
(308, 'Cobb Salad', 10.49, 'Salad with bacon, eggs, and avocado', 2),
(309, 'Hawaiian Pizza', 13.49, 'Pizza with ham and pineapple', 1),
(310, 'Tuna Salad', 8.49, 'Salad with tuna and vegetables', 2),
(311, 'Four Cheese Pizza', 15.99, 'Pizza with four types of cheese', 1),
(312, 'Garden Salad', 7.99, 'Salad with mixed greens and vegetables', 2),
(313, 'Meat Lovers Pizza', 16.99, 'Pizza with assorted meats', 1),
(314, 'Fruit Salad', 6.99, 'Salad with mixed fruits', 2),
(315, 'Spicy Sausage Pizza', 14.49, 'Pizza with spicy sausage', 1)
ON DUPLICATE KEY UPDATE MenuName = VALUES(MenuName), Price = VALUES(Price), Description = VALUES(Description), MenuItemTypeID = VALUES(MenuItemTypeID);


INSERT INTO Orders (OrderID, CustomerID, OrderDate) VALUES
(101, 1, '2024-06-01'), (102, 1, '2024-06-10'), (103, 1, '2024-06-20'),
(104, 2, '2024-06-02'), (105, 2, '2024-06-12'), (106, 2, '2024-06-22'),
(107, 3, '2024-06-03'), (108, 3, '2024-06-13'), (109, 3, '2024-06-23'),
(110, 4, '2024-06-04'), (111, 4, '2024-06-14'), (112, 4, '2024-06-24'),
(113, 5, '2024-06-05'), (114, 5, '2024-06-15'), (115, 5, '2024-06-25'),
(116, 6, '2024-06-06'), (117, 6, '2024-06-16'), (118, 6, '2024-06-26'),
(119, 7, '2024-06-07'), (120, 7, '2024-06-17'), (121, 7, '2024-06-27'),
(122, 8, '2024-06-08'), (123, 8, '2024-06-18'), (124, 8, '2024-06-28'),
(125, 9, '2024-06-09'), (126, 9, '2024-06-19'), (127, 9, '2024-06-29'),
(128, 10, '2024-06-10'), (129, 10, '2024-06-20'), (130, 10, '2024-06-30'),
(131, 11, '2024-06-11'), (132, 11, '2024-06-21'), (133, 11, '2024-07-01'),
(134, 12, '2024-06-12'), (135, 12, '2024-06-22'), (136, 12, '2024-07-02'),
(137, 13, '2024-06-13'), (138, 13, '2024-06-23'), (139, 13, '2024-07-03'),
(140, 14, '2024-06-14'), (141, 14, '2024-06-24'), (142, 14, '2024-07-04'),
(143, 15, '2024-06-15'), (144, 15, '2024-06-25'), (145, 15, '2024-07-05');

INSERT INTO OrderDetail (OrderDetailID, OrderID, MenuItemID, Quantity, SpecialInstructions) VALUES
(401, 101, 301, 2, 'No onions'),
(402, 101, 302, 1, 'Extra dressing'),
(403, 102, 303, 3, 'Spicy'),
(404, 102, 304, 1, 'Grilled'),
(405, 103, 305, 2, 'Extra cheese'),
(406, 103, 306, 1, 'No olives'),
(407, 104, 307, 2, 'Extra BBQ sauce'),
(408, 104, 308, 1, 'No bacon'),
(409, 105, 309, 2, 'Extra pineapple'),
(410, 105, 310, 1, 'No mayo'),
(411, 106, 311, 1, 'Extra cheese'),
(412, 106, 312, 2, 'No dressing'),
(413, 107, 313, 1, 'Extra meat'),
(414, 107, 314, 2, 'No bananas'),
(415, 108, 315, 1, 'Extra spicy'),
(416, 108, 301, 2, 'No onions'),
(417, 109, 302, 1, 'Extra dressing'),
(418, 109, 303, 3, 'Spicy'),
(419, 110, 304, 1, 'Grilled'),
(420, 110, 305, 2, 'Extra cheese'),
(421, 111, 306, 1, 'No olives'),
(422, 111, 307, 2, 'Extra BBQ sauce'),
(423, 112, 308, 1, 'No bacon'),
(424, 112, 309, 2, 'Extra pineapple'),
(425, 113, 310, 1, 'No mayo'),
(426, 113, 311, 1, 'Extra cheese'),
(427, 114, 312, 2, 'No dressing'),
(428, 114, 313, 1, 'Extra meat'),
(429, 115, 314, 2, 'No bananas'),
(430, 115, 315, 1, 'Extra spicy'),
(431, 116, 301, 2, 'No onions'),
(432, 116, 302, 1, 'Extra dressing'),
(433, 117, 303, 3, 'Spicy'),
(434, 117, 304, 1, 'Grilled'),
(435, 118, 305, 2, 'Extra cheese'),
(436, 118, 306, 1, 'No olives'),
(437, 119, 307, 2, 'Extra BBQ sauce'),
(438, 119, 308, 1, 'No bacon'),
(439, 120, 309, 2, 'Extra pineapple'),
(440, 120, 310, 1, 'No mayo'),
(441, 121, 311, 1, 'Extra cheese'),
(442, 121, 312, 2, 'No dressing'),
(443, 122, 313, 1, 'Extra meat'),
(444, 122, 314, 2, 'No bananas'),
(445, 123, 315, 1, 'Extra spicy'),
(446, 123, 315, 1, 'Extra spicy'),
(447, 124, 301, 2, 'No onions'),
(448, 124, 302, 1, 'Extra dressing'),
(449, 125, 303, 3, 'Spicy'),
(450, 125, 304, 1, 'Grilled'),
(451, 126, 305, 2, 'Extra cheese'),
(452, 126, 306, 1, 'No olives'),
(453, 127, 307, 2, 'Extra BBQ sauce'),
(454, 127, 308, 1, 'No bacon'),
(455, 128, 309, 2, 'Extra pineapple'),
(456, 128, 310, 1, 'No mayo'),
(457, 129, 311, 1, 'Extra cheese'),
(458, 129, 312, 2, 'No dressing'),
(459, 130, 313, 1, 'Extra meat'),
(460, 130, 314, 2, 'No bananas'),
(461, 131, 315, 1, 'Extra spicy'),
(462, 131, 301, 2, 'No onions'),
(463, 132, 302, 1, 'Extra dressing'),
(464, 132, 303, 3, 'Spicy'),
(465, 133, 304, 1, 'Grilled'),
(466, 133, 305, 2, 'Extra cheese'),
(467, 134, 306, 1, 'No olives'),
(468, 134, 307, 2, 'Extra BBQ sauce'),
(469, 135, 308, 1, 'No bacon'),
(470, 135, 309, 2, 'Extra pineapple'),
(471, 136, 310, 1, 'No mayo'),
(472, 136, 311, 1, 'Extra cheese'),
(473, 137, 312, 2, 'No dressing'),
(474, 137, 313, 1, 'Extra meat'),
(475, 138, 314, 2, 'No bananas'),
(476, 138, 315, 1, 'Extra spicy'),
(477, 139, 301, 2, 'No onions'),
(478, 139, 302, 1, 'Extra dressing'),
(479, 140, 303, 3, 'Spicy'),
(480, 140, 304, 1, 'Grilled'),
(481, 141, 305, 2, 'Extra cheese'),
(482, 141, 306, 1, 'No olives'),
(483, 142, 307, 2, 'Extra BBQ sauce'),
(484, 142, 308, 1, 'No bacon'),
(485, 143, 309, 2, 'Extra pineapple'),
(486, 143, 310, 1, 'No mayo'),
(487, 144, 311, 1, 'Extra cheese'),
(488, 144, 312, 2, 'No dressing'),
(489, 145, 313, 1, 'Extra meat'),
(490, 145, 314, 2, 'No bananas');


INSERT INTO Payment (PaymentID, OrderID, PaymentAmount, PaymentDate, PaymentMethod) VALUES
(201, 101, 50.00, '2024-06-01', 'Credit Card'),
(202, 102, 30.00, '2024-06-02', 'Cash'),
(203, 103, 45.00, '2024-06-03', 'Credit Card'),
(204, 104, 55.00, '2024-06-04', 'Debit Card'),
(205, 105, 60.00, '2024-06-05', 'Cash'),
(206, 106, 35.00, '2024-06-06', 'Credit Card'),
(207, 107, 25.00, '2024-06-07', 'Debit Card'),
(208, 108, 40.00, '2024-06-08', 'Cash'),
(209, 109, 50.00, '2024-06-09', 'Credit Card'),
(210, 110, 45.00, '2024-06-10', 'Debit Card'),
(211, 111, 55.00, '2024-06-11', 'Credit Card'),
(212, 112, 60.00, '2024-06-12', 'Cash'),
(213, 113, 35.00, '2024-06-13', 'Credit Card'),
(214, 114, 25.00, '2024-06-14', 'Debit Card'),
(215, 115, 40.00, '2024-06-15', 'Cash'),
(216, 116, 50.00, '2024-06-16', 'Credit Card'),
(217, 117, 30.00, '2024-06-17', 'Cash'),
(218, 118, 45.00, '2024-06-18', 'Credit Card'),
(219, 119, 55.00, '2024-06-19', 'Debit Card'),
(220, 120, 60.00, '2024-06-20', 'Cash'),
(221, 121, 35.00, '2024-06-21', 'Credit Card'),
(222, 122, 25.00, '2024-06-22', 'Debit Card'),
(223, 123, 40.00, '2024-06-23', 'Cash'),
(224, 124, 60.00, '2024-06-24', 'Credit Card'),
(225, 125, 35.00, '2024-06-25', 'Cash'),
(226, 126, 25.00, '2024-06-26', 'Debit Card'),
(227, 127, 40.00, '2024-06-27', 'Credit Card'),
(228, 128, 50.00, '2024-06-28', 'Cash'),
(229, 129, 45.00, '2024-06-29', 'Debit Card'),
(230, 130, 55.00, '2024-06-30', 'Credit Card'),
(231, 131, 60.00, '2024-07-01', 'Cash'),
(232, 132, 35.00, '2024-06-02', 'Credit Card'),
(233, 133, 25.00, '2024-07-03', 'Debit Card'),
(234, 134, 40.00, '2024-07-04', 'Cash'),
(235, 135, 50.00, '2024-07-05', 'Credit Card'),
(236, 136, 35.00, '2024-07-06', 'Cash'),
(237, 137, 25.00, '2024-07-07', 'Debit Card'),
(238, 138, 40.00, '2024-07-08', 'Credit Card'),
(239, 139, 50.00, '2024-07-09', 'Cash'),
(240, 140, 60.00, '2024-07-10', 'Credit Card'),
(241, 141, 35.00, '2024-07-11', 'Cash'),
(242, 142, 25.00, '2024-07-12', 'Debit Card'),
(243, 143, 40.00, '2024-07-13', 'Credit Card'),
(244, 144, 50.00, '2024-07-14', 'Cash'),
(245, 145, 60.00, '2024-07-15', 'Debit Card');

INSERT INTO Rating (RatingID, MenuItemID, RatingValue, Review, CustomerID) VALUES
(501, 301, 5, 'Delicious Margherita Pizza', 1),
(502, 303, 4, 'Good pepperoni pizza', 1),
(503, 305, 5, 'Very tasty veggie pizza', 1),
(504, 302, 4, 'Fresh and tasty Caesar salad', 2),
(505, 306, 3, 'Decent Greek salad', 2),
(506, 310, 4, 'Healthy tuna salad', 2),
(507, 303, 5, 'Best pepperoni pizza', 3),
(508, 307, 4, 'Great BBQ chicken pizza', 3),
(509, 311, 5, 'Cheese heaven!', 3),
(510, 304, 4, 'Healthy and delicious grilled chicken salad', 4),
(511, 308, 3, 'A bit too much bacon in Cobb salad', 4),
(512, 312, 4, 'Fresh and crisp garden salad', 4),
(513, 305, 3, 'Good but could be better veggie pizza', 5),
(514, 309, 5, 'Perfect combination of flavors in Hawaiian pizza', 5),
(515, 313, 5, 'Meat lovers delight', 5),
(516, 306, 5, 'Loved the Greek flavors', 6),
(517, 310, 4, 'Great for a light meal', 6),
(518, 314, 3, 'Too sweet for my taste in fruit salad', 6),
(519, 307, 4, 'BBQ sauce was amazing', 7),
(520, 315, 4, 'Nice and spicy sausage pizza', 7),
(521, 301, 5, 'Delicious Margherita Pizza', 7),
(522, 308, 3, 'A bit too much bacon', 8),
(523, 302, 4, 'Fresh and tasty Caesar salad', 8),
(524, 303, 5, 'Best pepperoni pizza', 8),
(525, 309, 5, 'Perfect combination of flavors', 9),
(526, 304, 4, 'Healthy and delicious grilled chicken salad', 9),
(527, 305, 3, 'Good but could be better veggie pizza', 9),
(528, 310, 4, 'Great for a light meal', 10),
(529, 311, 5, 'Cheese heaven!', 10),
(530, 306, 5, 'Loved the Greek flavors', 10),
(531, 311, 5, 'Cheese heaven!', 11),
(532, 301, 5, 'Delicious Margherita Pizza', 11),
(533, 309, 5, 'Perfect combination of flavors in Hawaiian pizza', 11),
(534, 312, 4, 'Fresh and crisp garden salad', 12),
(535, 302, 4, 'Fresh and tasty Caesar salad', 12),
(536, 303, 5, 'Best pepperoni pizza', 12),
(537, 313, 5, 'Meat lovers delight', 13),
(538, 307, 4, 'Great BBQ chicken pizza', 13),
(539, 305, 3, 'Good but could be better veggie pizza', 13),
(540, 314, 3, 'Too sweet for my taste in fruit salad', 14),
(541, 306, 5, 'Loved the Greek flavors', 14),
(542, 304, 4, 'Healthy and delicious grilled chicken salad', 14),
(543, 315, 4, 'Nice and spicy sausage pizza', 15),
(544, 301, 5, 'Delicious Margherita Pizza', 15),
(545, 309, 5, 'Perfect combination of flavors in Hawaiian pizza', 15);

ALTER TABLE Orders AUTO_INCREMENT = 101;
ALTER TABLE Payment AUTO_INCREMENT = 201;
ALTER TABLE MenuItem AUTO_INCREMENT = 301;
ALTER TABLE OrderDetail AUTO_INCREMENT = 401;
ALTER TABLE Rating AUTO_INCREMENT = 501;